Workbook

Sheet Dons
A1: Date du don (yyyy-mm-dd) | B1: #Donateur | C1: #Compte | D1: Montant (000.00) | E1: Description | F1: Méthode de paiement | G1: Code paiement
G2: =IF(F2="","",IFERROR(VLOOKUP(F2,'Méthodes de paiement'!A:B,2,FALSE),""))
G3: =IF(F3="","",IFERROR(VLOOKUP(F3,'Méthodes de paiement'!A:B,2,FALSE),""))
G4: =IF(F4="","",IFERROR(VLOOKUP(F4,'Méthodes de paiement'!A:B,2,FALSE),""))
G5: =IF(F5="","",IFERROR(VLOOKUP(F5,'Méthodes de paiement'!A:B,2,FALSE),""))
G6: =IF(F6="","",IFERROR(VLOOKUP(F6,'Méthodes de paiement'!A:B,2,FALSE),""))
G7: =IF(F7="","",IFERROR(VLOOKUP(F7,'Méthodes de paiement'!A:B,2,FALSE),""))
G8: =IF(F8="","",IFERROR(VLOOKUP(F8,'Méthodes de paiement'!A:B,2,FALSE),""))
G9: =IF(F9="","",IFERROR(VLOOKUP(F9,'Méthodes de paiement'!A:B,2,FALSE),""))
G10: =IF(F10="","",IFERROR(VLOOKUP(F10,'Méthodes de paiement'!A:B,2,FALSE),""))
G11: =IF(F11="","",IFERROR(VLOOKUP(F11,'Méthodes de paiement'!A:B,2,FALSE),""))
G12: =IF(F12="","",IFERROR(VLOOKUP(F12,'Méthodes de paiement'!A:B,2,FALSE),""))
G13: =IF(F13="","",IFERROR(VLOOKUP(F13,'Méthodes de paiement'!A:B,2,FALSE),""))
... G2000: =IF(F2000="","",IFERROR(VLOOKUP(F2000,'Méthodes de paiement'!A:B,2,FALSE),""))

Sheet Méthodes de paiement
A1: Comptant | B1: 5
A2: Chèque | B2: 6
A3: Carte de crédit | B3: 1
A4: Virement bancaire | B4: 3
A5: Prélèvement pré-autorisé | B5: 7
A6: Interac | B6: 10
A7: PayPal | B7: 2
A8: PayPal Giving Fund | B8: 9
A9: Square | B9: 11
A10: Stripe | B10: 12
A11: CanadaDon | B11: 4
A12: Autre | B12: 8
